指标,与活跃度的相关性
activity,1.0
openrank,0.9901520260327771
issues_new,0.9805213976606043
change_requests,0.9736101251592388
participants,0.9616584674450629
change_requests_reviews,0.9584166024549187
issues_closed,0.9581113526870177
code_change_lines_sum,0.7834618357510867
bus_factor,0.7555008149960949
change_requests_accepted,0.26000724424144595
technical_fork,0.2435206769920539
attention,0.20572626194683416
new_contributors,0.1874232989051787
stars,0.18250801245099393
inactive_contributors,0.003644809682233519
